name,type,url,location_or_channel,price_of_comparable_item,what_it_sells,positioning_line,rating,review_count,source_date
Aquant,direct,https://www.aquant.ai,Online B2B; field service + equipment OEMs,"Not published (G2: 'has not provided pricing'); third-party modeled estimate $24K-$36K/yr year-1 license (CostBench, not vendor price)","Conversational/agentic AI for physical product support built on historical service data; Service Leaders view claims to show 'what's working, who's excelling, and where to scale'",Conversational AI for physical product support,4.8 (G2),4,2026-10-08
DeepHow,direct,https://www.deephow.com,Online B2B; manufacturing / pharma / electronics (no field service on site),Not published (demo request only),"Video knowledge capture, Live SOP Verification, Time and Motion AI, Process Drift Analysis ('where work changed, what it cost, and what to standardize')",Physical AI for Operational Excellence,4.9 (G2),11,2026-10-08
Augmentir,direct,https://www.augmentir.ai,Online B2B; industrial frontline (field service only as a nav use case),Not published (third-party listings: 'contact vendor'),"Connected-worker platform: digital work instructions, skills/workforce intelligence, AI insights on productivity opportunities across processes and workforce",AI-Native platform for the industrial frontline,4.4 (G2),24,2026-10-08
Salesforce Field Service (Agentforce Field Service),indirect,https://www.salesforce.com/service/field-service-management/pricing/,Online B2B; FSM platform,"$175/user/mo (Technician) to $650/user/mo (Agentforce 1 Field Service); Agentforce add-on $125/user/mo; Field Service Intelligence 'available for purchase'","FSM system of record: scheduling, mobile tech app, work orders, assets, AI add-ons; owns job + outcome data",(pricing page; no tagline captured),4.4 (G2),979,2026-10-08
ServiceNow Field Service Management,indirect,https://www.gartner.com/reviews/product/servicenow-field-service-management,Online B2B; FSM platform,Not published (quote-based),FSM module on the ServiceNow platform; owns work-order and outcome data,(not captured),4.3 (Gartner Peer Insights),not shown,2026-10-08
IFS Cloud Field Service Management (IFS.ai),indirect,https://www.ifs.com/assets/service-management/ifs-ai-in-ifs-cloud-field-service-management,Online B2B; FSM platform,Not published (quote-based),"FSM with embedded AI pitched at first-time fix, scheduling and avoiding unnecessary visits","'Whether it's increasing first-time fix rates, optimizing scheduling...IFS.ai helps you lead'",not found,not found,2026-10-08
SightCall (Xpert Knowledge),indirect,https://sightcall.com/solutions/field-service/,Online B2B; field service remote support,Not published,Remote visual support; AI turns recorded expert sessions into reusable visual knowledge articles reviewed by experts,Resolve today's service issue. Improve tomorrow's service organization.,not found,not found,2026-10-08
XOi Vision,indirect,https://www.capterra.com/p/174225/Vision/,Online B2B; HVAC/commercial field service techs,"$99/user/mo starting (Capterra third-party listing, unconfirmed)",Technician photo/video job documentation with AI transcription and remote coaching,(not captured),see Capterra,not found,2026-10-08
CareAR,indirect,https://carear.com/blog/intelligent-enablement-platforms/,Online B2B; field service,Not published,"'Intelligent enablement' platform: AR remote assist; treats each call as a learning event and captures tribal knowledge into a knowledge base",(not captured),not found,not found,2026-10-08
Celonis,indirect,https://erpresearch.com/erp-add-ons/process-mining/celonis/pricing,Online B2B; enterprise process mining,"Quote-based; third-party estimates range ~$15K/yr (PeerSpot user) to $150K-$300K+ entry packages; priced by event volume / processes",Process mining on system event logs (ERP/CRM),(not captured),not found,not found,2026-10-08
Skan AI,indirect,https://www.rfp.wiki/it-security/process-mining-platforms/skan/mindzie,Online B2B; desktop/knowledge-work process observation,"Not published; per-user model (GetApp/Capterra)",Computer-vision observation of on-screen work to discover processes,(not captured),~4.3 (RFP.wiki aggregate; 39% confidence),35-40,2026-10-08
In-house CI analyst + BI on FSM data,substitute,https://www.microsoft.com/en-us/power-platform/products/power-bi/pricing,Internal,"Power BI Pro $14/user/mo (paid yearly) + analyst salary (not researched)","Ad hoc reports slicing first-time fix / callbacks by tech, job type, parts",n/a,n/a,n/a,2026-10-08
Ride-alongs / senior tech councils / tribal knowledge,substitute,,Internal,Free (supervisor and senior-tech time),Supervisors and best techs share tricks informally; occasional SOP updates,n/a,n/a,n/a,2026-10-08
Lean / Six Sigma or service consultants,substitute,,Services,Not researched (no public rate found in this pass),Project-based root-cause / process-improvement studies,n/a,n/a,n/a,2026-10-08
